{"Spk4.CN.03FR00": {"count": 5427, "total_time": 8.99150961388896, "total_phone": 230616, "avg_time": 5.964517156808597, "avg_phone": 42.49419568822554}, "Spk9.EN.F.DB2": {"count": 1000, "total_time": 1.0741073638888903, "total_phone": 35196, "avg_time": 3.866786510000005, "avg_phone": 35.196}, "child": {"count": 10067, "total_time": 9.433548924999993, "total_phone": 289162, "avg_time": 3.373475328300385, "avg_phone": 28.723750869176516}, "Spk8.EN.F.DB1": {"count": 1000, "total_time": 1.0057461222222213, "total_phone": 33040, "avg_time": 3.6206860399999963, "avg_phone": 33.04}, "Spk2.CN.Deng": {"count": 2185, "total_time": 3.820685830555557, "total_phone": 93353, "avg_time": 6.294951482837531, "avg_phone": 42.72448512585812}, "Spk1.CN.DataBaker": {"count": 9998, "total_time": 11.852935261111066, "total_phone": 370163, "avg_time": 4.267910276055194, "avg_phone": 37.02370474094819}, "Spk6.CN.Pachira": {"count": 10706, "total_time": 12.848029730555584, "total_phone": 351547, "avg_time": 4.320279005230722, "avg_phone": 32.83644685223239}, "Spk7.EN.M.DB1": {"count": 1000, "total_time": 1.0089345194444435, "total_phone": 34944, "avg_time": 3.6321642699999965, "avg_phone": 34.944}, "Spk3.EN.XuYue": {"count": 11132, "total_time": 10.015749452777758, "total_phone": 416283, "avg_time": 3.2390134773625516, "avg_phone": 37.39516708587855}, "tts-DB-EN-M-01": {"count": 12000, "total_time": 12.788244738888823, "total_phone": 451996, "avg_time": 3.8364734216666467, "avg_phone": 37.666333333333334}, "Spk5.CN.03MR00": {"count": 4443, "total_time": 9.083130936111138, "total_phone": 195585, "avg_time": 7.359727969840219, "avg_phone": 44.020931802835925}, "Spk0.EN.LJSpeech": {"count": 13100, "total_time": 23.921408869444402, "total_phone": 943604, "avg_time": 6.573822284732812, "avg_phone": 72.03083969465649}}