{"pitch": [-2.684267447971593, 9.206920167834173, 213.41941995150884, 57.434507080274074], "energy": [-1.3598906993865967, 7.157494068145752, 45.16810368122327, 33.21255003505997]}